time;power (watt)
14:33:43;12.316666666667
14:33:48;12.218
14:33:53;12.296
14:33:58;12.298
14:34:03;12.258
14:34:08;12.208
14:34:13;12.19
14:34:18;12.214
14:34:23;12.22
14:34:28;12.208
14:34:33;12.222
14:34:38;12.208
14:34:43;12.228
14:34:48;12.19
14:34:53;12.246
14:34:58;12.272
14:35:03;12.318
14:35:08;12.314
14:35:13;12.292
14:35:18;12.234
14:35:23;12.224
14:35:28;12.21
14:35:33;12.222
14:35:38;12.222
14:35:43;12.2225


Average Power : 11.33522839506174
